First Choice,Second Choice
UPB-BIO,DOST-PAGASA CAR
UPD-NIP,UPD-DMMME
UPD-NIP,SPARKLAB INNOVATION CENTRE
UPB-BIO,
NOTRE DAME-BAGUIO CITY,
UPD-INST BIO,UPD-MSI
UPD-INST CHEM ENGG,BFAR-DAGUPAN
UPD-INST BIO,BFAR-DAGUPAN
UPD-NIGS,UPD-DMMME
UPD-DMMME,DOST-PAGASA
UPM-PHIL. EYE RESEARCH INST,UPM-INST OF HUMAN GENETICS
UPD-INST CHEM ENGG,UPD-DMMME
BFAR-DAGUPAN,
NOTRE DAME-BAGUIO CITY,UPD-INST CIVIL ENGG
UPD-COMP SCI AND RES INST,NOTRE DAME-BAGUIO CITY
BFAR-DAGUPAN,UPD-MSI BOLINAO
DOST-CAR,UPB-BIO
UPD-INST BIO,BFAR-DAGUPAN
UPB-BIO,BFAR-DAGUPAN
UPD-NIP,UPD-MSI
UPD-INST BIO,BFAR-DAGUPAN
UPD-INST BIO,PAGASA
UPD-INST BIO,DLSU-DEPT OF BIO
UPD-INST MECH ENGG,UPD-IEEE
BFAR-DAGUPAN,UPD-INST BIO
DOST-CAR,DOST-PAGASA BAGUIO
UPD-DMMME,UPD-INST CHEM ENGG
UPD-INST BIO,UPD-MSI
UPD-INST CIVIL ENGG,UPD-INST BIO
UPD-NIP,UPD-INST CHEM ENGG
DOST-CAR,DOST-PAGASA BAGUIO
UPB-BIO,NOTRE DAME-BAGUIO CITY
BFAR-DAGUPAN,UPD-MSI BOLINAO
UPD-INST CIVIL ENGG,UPD-INST CHEM ENGG
UPB-BIO,UPD-DMMME
UPB-BIO,
BFAR-DAGUPAN,UPD-MSI BOLINAO
NOTRE DAME-BAGUIO CITY,DOST-PAGASA BAGUIO
BENGUET STATE UNIVERSITY,UPB-BIO
UPD-INST BIO,DLSU-DEPT OF BIO
BFAR-DAGUPAN,DOST-PAGASA BAGUIO
NOTRE DAME-BAGUIO CITY,BFAR-DAGUPAN
SPARKLAB INNOVATION CENTRE,UPD-NIP
UPD-INST MECH ENGG,BFAR-DAGUPAN
UPD-MSI BOLINAO,DOST-PAGASA
UPD-INST BIO,UPD-MSI
NOTRE DAME-BAGUIO CITY,PSHS-CVisC
UPM-INST. OF EPIDEMEOLOGY,UPM-MBB
NOTRE DAME-BAGUIO CITY,UPB-BIO
UPB-BIO,DOST-CAR
UPD-NIP,DOST-PNRI
UPD-INST CIVIL ENGG,DLSU-DEPT OF BIO
UPM-INST. OF EPIDEMEOLOGY,NOTRE DAME-BAGUIO CITY
UPD-INST CIVIL ENGG,UPD-IEEE
BFAR-DAGUPAN,NOTRE DAME-BAGUIO CITY
UPD-INST CIVIL ENGG,BFAR-DAGUPAN
UPM-INST. OF PHARM. SCIENCES,BFAR-DAGUPAN
BFAR-DAGUPAN,UPD-INST BIO
UPM-INST. OF PHARM. SCIENCES,NOTRE DAME-BAGUIO CITY
UPD-INST CIVIL ENGG,UPD-DMMME
UPM-INST. OF PHARM. SCIENCES,NOTRE DAME-BAGUIO CITY
BFAR-DAGUPAN,UPD-INST BIO
BFAR-DAGUPAN,UPB-BIO
UPD-INST CIVIL ENGG,DOST-ASTI
UPD-INST MECH ENGG,
UPD-INST CHEM ENGG,UPM-PHIL. EYE RESEARCH INST
